,Unnamed: 0,domain,banned_by,subreddit,selftext_html,selftext,likes,link_flair_text,id,clicked,title,media,score,approved_by,over_18,hidden,thumbnail,subreddit_id,edited,link_flair_css_class,author_flair_css_class,downs,saved,is_self,permalink,name,created,url,author_flair_text,author,created_utc,ups,num_comments,num_reports,distinguished,_id,__v
66,66,qkme.me,,AdviceAnimals,,,,,13xb4w,False,Every time I talk on the phone,,7877,,False,False,http://a.thumbs.redditmedia.com/ee1_01d4VVT4rvjl.jpg,t5_2s7tt,False,,,15948,False,False,/r/AdviceAnimals/comments/13xb4w/every_time_i_talk_on_the_phone/,t3_13xb4w,1354089989,http://qkme.me/3ry8if?id=228345495,,Jewishonbothsides,1354089989,23825,539,,,ObjectID(51cd3dcc771f93c199000043),0
90,90,qkme.me,,AdviceAnimals,,,,,15jwd6,False,My new party trick,,7217,,False,False,http://b.thumbs.redditmedia.com/5m6FudixAS1zp_SI.jpg,t5_2s7tt,False,,,21746,False,False,/r/AdviceAnimals/comments/15jwd6/my_new_party_trick/,t3_15jwd6,1356662962,http://qkme.me/3scyck,,Lennie1989,1356662962,28963,166,,,ObjectID(51cd3dcc771f93c19900005b),0
124,124,imgur.com,,AdviceAnimals,,,,,1a3znd,False,If you ever feel dumb,,6760,,False,False,http://d.thumbs.redditmedia.com/iNrCMLhgFnpsCgFQ.jpg,t5_2s7tt,False,,,35140,False,False,/r/AdviceAnimals/comments/1a3znd/if_you_ever_feel_dumb/,t3_1a3znd,1363045791,http://imgur.com/ZWVERp1,,mikergsmith,1363042191,41900,785,,,ObjectID(51cd3dd1771f93c19900007d),0
138,138,imgur.com,,AdviceAnimals,,,,,r0nuo,False,Come on Facebook...,,6507,,False,False,http://a.thumbs.redditmedia.com/76478ud-VWZliMhl.jpg,t5_2s7tt,False,,,17340,False,False,/r/AdviceAnimals/comments/r0nuo/come_on_facebook/,t3_r0nuo,1331981554,http://imgur.com/daN3k,,[deleted],1331977954,23847,270,,,ObjectID(51cd3dd1771f93c19900008b),0
156,156,imgur.com,,AdviceAnimals,,,,,z2nje,False,Following the Obama AMA,,6418,,False,False,http://e.thumbs.redditmedia.com/7WT18IVQBgcEndlR.jpg,t5_2s7tt,False,,,70670,False,False,/r/AdviceAnimals/comments/z2nje/following_the_obama_ama/,t3_z2nje,1346332209,http://imgur.com/neEz0,,debuzzy,1346328609,77088,1085,,,ObjectID(51cd3dd1771f93c19900009d),0
196,196,qkme.me,,AdviceAnimals,,,,,13xa7o,False,How I feel after having my data cap upped from 200MB to 5GB,,6029,,False,False,http://c.thumbs.redditmedia.com/zW0H6VdXE4BhD2dz.jpg,t5_2s7tt,False,,,10717,False,False,/r/AdviceAnimals/comments/13xa7o/how_i_feel_after_having_my_data_cap_upped_from/,t3_13xa7o,1354088401,http://qkme.me/3ry8bk?id=228345248,,thegeneratir,1354088401,16746,423,,,ObjectID(51cd3dd1771f93c1990000c5),0
225,225,qkme.me,,AdviceAnimals,,,,,1a42wp,False,Senior Discount,,5752,,False,False,http://d.thumbs.redditmedia.com/BUpWN3pjSxDUpvM9.jpg,t5_2s7tt,False,,,24459,False,False,/r/AdviceAnimals/comments/1a42wp/senior_discount/,t3_1a42wp,1363048236,http://qkme.me/3tbwyp,,gingerailment,1363044636,30211,554,,,ObjectID(51cd3dd6771f93c1990000e2),0
285,285,imgur.com,,AdviceAnimals,,,,,15jx1n,False,My little cousin dropped this when all the adults were talking forever on Christmas morning,,5402,,False,False,http://f.thumbs.redditmedia.com/fgzlNDYnH8ZBxzf_.jpg,t5_2s7tt,False,,skid,9727,False,False,/r/AdviceAnimals/comments/15jx1n/my_little_cousin_dropped_this_when_all_the_adults/,t3_15jx1n,1356663707,http://imgur.com/efVC9,,stokednbt,1356663707,15129,108,,,ObjectID(51cd3dd6771f93c19900011e),0
286,286,i.qkme.me,,AdviceAnimals,,,,,1byiq9,False,It just might save your life one day,,5404,,False,False,http://b.thumbs.redditmedia.com/vVmHrcca3Zrsdvnm.jpg,t5_2s7tt,False,,,16077,False,False,/r/AdviceAnimals/comments/1byiq9/it_just_might_save_your_life_one_day/,t3_1byiq9,1365473485,http://i.qkme.me/3tsgcs.jpg,,GhostOfRomney,1365469885,21481,696,,,ObjectID(51cd3dd6771f93c19900011f),0
290,290,i.imgur.com,,AdviceAnimals,,,,,tqyws,False,Indian Yo-Mama Joke,,5394,,False,False,http://e.thumbs.redditmedia.com/EvIvkMe99SILqGT4.jpg,t5_2s7tt,False,,,26132,False,False,/r/AdviceAnimals/comments/tqyws/indian_yomama_joke/,t3_tqyws,1337223144,http://i.imgur.com/zW6MD.jpg,,shadowinnothing,1337219544,31526,477,,,ObjectID(51cd3dd6771f93c199000123),0
307,307,qkme.me,,AdviceAnimals,,,,,1bycpo,False,My buddy found out he was adopted in our class today.,,5350,,False,False,http://b.thumbs.redditmedia.com/-lgszJQO8uUvqz1C.jpg,t5_2s7tt,False,,,11953,False,False,/r/AdviceAnimals/comments/1bycpo/my_buddy_found_out_he_was_adopted_in_our_class/,t3_1bycpo,1365469118,http://qkme.me/3tse8q,,[deleted],1365465518,17303,1000,,,ObjectID(51cd3ddc771f93c199000134),0
309,309,qkme.me,,AdviceAnimals,,,,,1fwmgp,False,A solution.,,5337,,False,False,http://a.thumbs.redditmedia.com/Evou9btl5ci_lBgH.jpg,t5_2s7tt,False,,,18562,False,False,/r/AdviceAnimals/comments/1fwmgp/a_solution/,t3_1fwmgp,1370663358,http://qkme.me/3uropz,,Bigbrass,1370659758,23899,552,,,ObjectID(51cd3ddc771f93c199000136),0
325,325,quickmeme.com,,AdviceAnimals,,,,,13xn7u,False,My friends recently convinced me to purchase Minecraft.,,5285,,False,False,http://f.thumbs.redditmedia.com/YuKHRvz_3dSJqZ8q.jpg,t5_2s7tt,False,,zoid,14398,False,False,/r/AdviceAnimals/comments/13xn7u/my_friends_recently_convinced_me_to_purchase/,t3_13xn7u,1354113243,http://www.quickmeme.com/meme/3ryauj/,,DudeJesse,1354113243,19683,418,,,ObjectID(51cd3ddc771f93c199000146),0
396,396,i.imgur.com,,AdviceAnimals,,,,,15jsan,False,I told my girlfriend that I didn't want to have sex because I was too tired. So right before we got it on she said this.,,5052,,False,False,http://d.thumbs.redditmedia.com/4DdKA0S7dbkT4rti.jpg,t5_2s7tt,False,,,6280,False,False,/r/AdviceAnimals/comments/15jsan/i_told_my_girlfriend_that_i_didnt_want_to_have/,t3_15jsan,1356658637,http://i.imgur.com/cIeOP.png,,Bobby_Ooo,1356658637,11332,352,,,ObjectID(51cd3ddc771f93c19900018d),0
450,450,qkme.me,,AdviceAnimals,,,,,1a4ald,False,Bulldog Owner Problems,,4916,,False,False,http://c.thumbs.redditmedia.com/v79mf31olqF4JpBz.jpg,t5_2s7tt,False,,,11281,False,False,/r/AdviceAnimals/comments/1a4ald/bulldog_owner_problems/,t3_1a4ald,1363054344,http://qkme.me/3tbwub?id=230663171,,xMooMoo,1363050744,16197,145,,,ObjectID(51cd3de0771f93c1990001c3),0
497,497,imgur.com,,AdviceAnimals,,,,,13xafh,False,Coworker turned my creeper shot into a work of art.,,4801,,False,False,http://a.thumbs.redditmedia.com/4qTb7bddgMBH7bNl.jpg,t5_2s7tt,False,,,13075,False,False,/r/AdviceAnimals/comments/13xafh/coworker_turned_my_creeper_shot_into_a_work_of_art/,t3_13xafh,1354088768,http://imgur.com/0yC4Z,,Scatterpickles,1354088768,17876,225,,,ObjectID(51cd3de0771f93c1990001f2),0
502,502,i.imgur.com,,AdviceAnimals,,,,,13xrun,False,When my parents come over and tell me to clean.,,4801,,False,False,http://f.thumbs.redditmedia.com/fEz6LalcnW4Gpi5M.jpg,t5_2s7tt,False,,,20050,False,False,/r/AdviceAnimals/comments/13xrun/when_my_parents_come_over_and_tell_me_to_clean/,t3_13xrun,1354118373,http://i.imgur.com/9nCsw.png,,stevengnarl,1354118373,24851,263,,,ObjectID(51cd3de5771f93c1990001f7),0
509,509,imgur.com,,AdviceAnimals,,,,,1fw7gb,False,"To all of the people squawking about the NSA, and the XBOX1 'spy' console, and the huge server farm holding our entire country's digital histories...",,4780,,False,False,http://f.thumbs.redditmedia.com/WmXpApvv7JlsOcaq.jpg,t5_2s7tt,False,,,8421,False,False,/r/AdviceAnimals/comments/1fw7gb/to_all_of_the_people_squawking_about_the_nsa_and/,t3_1fw7gb,1370649508,http://imgur.com/EGc2322,,tonto27,1370645908,13201,285,,,ObjectID(51cd3de5771f93c1990001fe),0
606,606,quickmeme.com,,AdviceAnimals,,,,,1fwnuf,False,"Oh duck. You poor, naive duck.",,4560,,False,False,http://d.thumbs.redditmedia.com/P3ZFwBBnI_GgMzo3.jpg,t5_2s7tt,False,,,13325,False,False,/r/AdviceAnimals/comments/1fwnuf/oh_duck_you_poor_naive_duck/,t3_1fwnuf,1370664737,http://www.quickmeme.com/meme/3urozi/,,LaunchThePolaris,1370661137,17885,394,,,ObjectID(51cd3f2be2ad3adb99000007),0
613,613,qkme.me,,AdviceAnimals,,,,,13xjsv,False,Random gay guy just made my day a little bit better with this one,,4553,,False,False,http://d.thumbs.redditmedia.com/3pURb7ZkaSZ0iL7i.jpg,t5_2s7tt,False,,,29583,False,False,/r/AdviceAnimals/comments/13xjsv/random_gay_guy_just_made_my_day_a_little_bit/,t3_13xjsv,1354108347,http://qkme.me/3rya5n,,minasmorath,1354108347,34136,1707,,,ObjectID(51cd3f2be2ad3adb9900000e),0
618,618,cdn.memegenerator.net,,AdviceAnimals,,,,,1ggk4t,False,Let me introduce my brother.,,4546,,False,False,http://d.thumbs.redditmedia.com/aYGjmMP486TwJGNK.jpg,t5_2s7tt,False,,,12656,False,False,/r/AdviceAnimals/comments/1ggk4t/let_me_introduce_my_brother/,t3_1ggk4t,1371402752,http://cdn.memegenerator.net/instances/300x300/38793631.jpg,,UbiquitouSparky,1371399152,17202,406,,,ObjectID(51cd3f2be2ad3adb99000013),0
637,637,quickmeme.com,,AdviceAnimals,,,,,13xl2k,False,Good Guy Cops,,4511,,False,False,http://a.thumbs.redditmedia.com/Hgj8hNyy9DsCizeB.jpg,t5_2s7tt,False,,cwolf,9406,False,False,/r/AdviceAnimals/comments/13xl2k/good_guy_cops/,t3_13xl2k,1354110444,http://www.quickmeme.com/meme/3ry2i6/,,Tripodi12,1354110444,13917,313,,,ObjectID(51cd3f2be2ad3adb99000026),0
709,709,qkme.me,,AdviceAnimals,,,,,uvz8h,False,What running Imgur must feel like.,,4420,,False,False,http://a.thumbs.redditmedia.com/zmzhLtVHq4n5Col6.jpg,t5_2s7tt,False,,,24865,False,False,/r/AdviceAnimals/comments/uvz8h/what_running_imgur_must_feel_like/,t3_uvz8h,1339415675,http://qkme.me/3po3yj,,JCjustchill,1339412075,29285,354,,,ObjectID(51cd3f30e2ad3adb9900006e),0
729,729,imgur.com,,AdviceAnimals,,,,,1fwnps,False,Success Gorilla,,4395,,False,False,http://f.thumbs.redditmedia.com/welhgtWQrPK55B9Y.jpg,t5_2s7tt,False,,,24579,False,False,/r/AdviceAnimals/comments/1fwnps/success_gorilla/,t3_1fwnps,1370664599,http://imgur.com/0TEsuRr,,crash35,1370660999,28974,293,,,ObjectID(51cd3f30e2ad3adb99000082),0
734,734,qkme.me,,AdviceAnimals,,,,,1a3r48,False,"If you ever do home improvement projects, you will appreciate this minor victory...",,4382,,False,False,http://d.thumbs.redditmedia.com/ev1MjRH26c7Gplli.jpg,t5_2s7tt,False,,,9339,False,False,/r/AdviceAnimals/comments/1a3r48/if_you_ever_do_home_improvement_projects_you_will/,t3_1a3r48,1363039423,http://qkme.me/3tbufp,,usetheforcechewey,1363035823,13721,212,,,ObjectID(51cd3f30e2ad3adb99000087),0
758,758,quickmeme.com,,AdviceAnimals,,,,,1ggh3e,False,My girlfriend's family pampers their cats like real people. This is how I picture them living.,,4350,,False,False,http://a.thumbs.redditmedia.com/PIVB8a7t4EblyHol.jpg,t5_2s7tt,False,,,8819,False,False,/r/AdviceAnimals/comments/1ggh3e/my_girlfriends_family_pampers_their_cats_like/,t3_1ggh3e,1371399798,http://www.quickmeme.com/meme/3uvfxd/,,Sicatron,1371396198,13169,59,,,ObjectID(51cd3f30e2ad3adb9900009f),0
810,810,quickmeme.com,,AdviceAnimals,,,,,1by83o,False,As a South Korean...,,4280,,False,False,http://e.thumbs.redditmedia.com/jrp5ZLbbLgmWzZ7X.jpg,t5_2s7tt,False,,,5614,False,False,/r/AdviceAnimals/comments/1by83o/as_a_south_korean/,t3_1by83o,1365465720,http://www.quickmeme.com/meme/3tscou/,,skham360,1365462120,9894,674,,,ObjectID(51cd3f35e2ad3adb990000d3),0
816,816,qkme.me,,AdviceAnimals,,,,,1fw7b5,False,Asked grandpa what he did his senior year of high school...,,4278,,False,False,http://a.thumbs.redditmedia.com/xkvvETYgvY2nSXBB.jpg,t5_2s7tt,False,,,22452,False,False,/r/AdviceAnimals/comments/1fw7b5/asked_grandpa_what_he_did_his_senior_year_of_high/,t3_1fw7b5,1370649378,http://qkme.me/3urafg,,emmanuelgrc4,1370645778,26730,483,,,ObjectID(51cd3f35e2ad3adb990000d9),0
818,818,qkme.me,,AdviceAnimals,,,,,1a3xag,False,It's the most wonderful time of the year,,4270,,False,False,http://c.thumbs.redditmedia.com/n45GWLzd9VkP0R6t.jpg,t5_2s7tt,False,,,4063,False,False,/r/AdviceAnimals/comments/1a3xag/its_the_most_wonderful_time_of_the_year/,t3_1a3xag,1363044025,http://qkme.me/3tbvpt?id=230661713,,Jalexan,1363040425,8333,75,,,ObjectID(51cd3f35e2ad3adb990000db),0
829,829,qkme.me,,AdviceAnimals,,,,,15jqk5,False,Realized this after shopping yesterday,,4263,,False,False,http://c.thumbs.redditmedia.com/UA7dtGHGjmWn-fLh.jpg,t5_2s7tt,False,,,13268,False,False,/r/AdviceAnimals/comments/15jqk5/realized_this_after_shopping_yesterday/,t3_15jqk5,1356656799,http://qkme.me/3scwp0?id=229030020,,empirer,1356656799,17531,315,,,ObjectID(51cd3f35e2ad3adb990000e6),0
830,830,quickmeme.com,,AdviceAnimals,,,,,15j9fx,False,Seriously? 75 seconds?,,4253,,False,False,http://d.thumbs.redditmedia.com/jJT-xWsJxn5nnO5i.jpg,t5_2s7tt,False,,,9324,False,False,/r/AdviceAnimals/comments/15j9fx/seriously_75_seconds/,t3_15j9fx,1356639959,http://www.quickmeme.com/meme/3scsbd/,,thats_bad_for_you,1356639959,13577,845,,,ObjectID(51cd3f35e2ad3adb990000e7),0
898,898,imgur.com,,AdviceAnimals,,,,,13viu7,False,Good Guy CEO of Costco,,4180,,False,False,http://d.thumbs.redditmedia.com/blMqHSbnUZGVaV4o.jpg,t5_2s7tt,False,,,52757,False,False,/r/AdviceAnimals/comments/13viu7/good_guy_ceo_of_costco/,t3_13viu7,1354028625,http://imgur.com/bNqSH,,the_hillshire_guy,1354028625,56937,3027,,,ObjectID(51cd3f35e2ad3adb9900012b),0
956,956,quickmeme.com,,AdviceAnimals,,,,,1fwlsc,False,I hate these websites.,,4130,,False,False,http://f.thumbs.redditmedia.com/uGiOBtqz82Lmq83S.jpg,t5_2s7tt,False,,,10515,False,False,/r/AdviceAnimals/comments/1fwlsc/i_hate_these_websites/,t3_1fwlsc,1370662745,http://www.quickmeme.com/meme/3urk8e/,,plokijuh1229,1370659145,14645,204,,,ObjectID(51cd3f3ae2ad3adb99000165),0
957,957,qkme.me,,AdviceAnimals,,,,,13xkch,False,As someone who is fairly new this is how I feel about my budding Reddit addiction...,,4129,,False,False,http://a.thumbs.redditmedia.com/QgoqQWhi9-iyl_lf.jpg,t5_2s7tt,False,,,10690,False,False,/r/AdviceAnimals/comments/13xkch/as_someone_who_is_fairly_new_this_is_how_i_feel/,t3_13xkch,1354109395,http://qkme.me/3ryaaj,,ships888,1354109395,14819,139,,,ObjectID(51cd3f3ae2ad3adb99000166),0
982,982,qkme.me,,AdviceAnimals,,,,,tf4ta,False,I figured out the internet,,4098,,False,False,http://d.thumbs.redditmedia.com/uhgaQkWv7xO2Vfpi.jpg,t5_2s7tt,False,,,29626,False,False,/r/AdviceAnimals/comments/tf4ta/i_figured_out_the_internet/,t3_tf4ta,1336594198,http://qkme.me/3p7iic,,sumptin_wierd,1336590598,33724,403,,,ObjectID(51cd3f3ae2ad3adb9900017f),0
1013,1013,qkme.me,,AdviceAnimals,,,,,1fwaf4,False,If you work in a restaurant you know this feeling,,4072,,False,False,http://b.thumbs.redditmedia.com/Oe48BbGoZEOGAxi1.jpg,t5_2s7tt,False,,awesomepenguin,7675,False,False,/r/AdviceAnimals/comments/1fwaf4/if_you_work_in_a_restaurant_you_know_this_feeling/,t3_1fwaf4,1370652090,http://qkme.me/3urmmc,,mexitalian_91,1370648490,11747,393,,,ObjectID(51cd3f75607d46e39900000e),0
1051,1051,i.imgur.com,,AdviceAnimals,,,,,qj07s,False,I don't think you get it Beats...,,4053,,False,False,http://e.thumbs.redditmedia.com/zSjYk6ow3a4w9l3v.jpg,t5_2s7tt,False,,businesscat,23049,False,False,/r/AdviceAnimals/comments/qj07s/i_dont_think_you_get_it_beats/,t3_qj07s,1330978354,http://i.imgur.com/FzURs.jpg,,AddictiveSoup,1330978354,27102,1027,,,ObjectID(51cd3f75607d46e399000034),0
1101,1101,i.imgur.com,,AdviceAnimals,,,,,13xqlx,False,WE'RE DOOMED! (x-post from funny),,4018,,False,False,http://f.thumbs.redditmedia.com/ewjtTKkeAf1RBpJS.jpg,t5_2s7tt,False,,,16249,False,False,/r/AdviceAnimals/comments/13xqlx/were_doomed_xpost_from_funny/,t3_13xqlx,1354117123,http://i.imgur.com/1Nm4Q.jpg,,chongbongdong,1354117123,20267,185,,,ObjectID(51cd3f7a607d46e399000066),0
1110,1110,qkme.me,,AdviceAnimals,,,,,1fwiik,False,I work with this girl,,4014,,False,False,http://a.thumbs.redditmedia.com/0nQUCTxDS9R0Q5dr.jpg,t5_2s7tt,False,,,5658,False,False,/r/AdviceAnimals/comments/1fwiik/i_work_with_this_girl/,t3_1fwiik,1370659635,http://qkme.me/3uro14?id=233077864,,zcoy,1370656035,9672,311,,,ObjectID(51cd3f7a607d46e39900006f),0
1137,1137,quickmeme.com,,AdviceAnimals,,,,,1fwag7,False,Can we please get our priorities in order?,,3992,,False,False,http://a.thumbs.redditmedia.com/ehZU8MwWUKXAzMwH.jpg,t5_2s7tt,False,,,6147,False,False,/r/AdviceAnimals/comments/1fwag7/can_we_please_get_our_priorities_in_order/,t3_1fwag7,1370652112,http://www.quickmeme.com/meme/3urmjn/,,ChipThaBlackBoy,1370648512,10139,431,,,ObjectID(51cd3f7a607d46e39900008a),0
1179,1179,qkme.me,,AdviceAnimals,,,,,1fw8rt,False,Today was the first day I got hours off in about 8 months,,3971,,False,False,http://d.thumbs.redditmedia.com/B4dGVCb8u-5iX_Wi.jpg,t5_2s7tt,False,,,3398,False,False,/r/AdviceAnimals/comments/1fw8rt/today_was_the_first_day_i_got_hours_off_in_about/,t3_1fw8rt,1370650622,http://qkme.me/3url66?id=233074158,,HeteroPillowFight,1370647022,7369,69,,,ObjectID(51cd3f7a607d46e3990000b4),0
1217,1217,qkme.me,,AdviceAnimals,,,,,13449d,False,Scumbag Brain... seriously...,,3948,,False,False,http://e.thumbs.redditmedia.com/9hVLdXE2PDNKxC7L.jpg,t5_2s7tt,False,,,20337,False,False,/r/AdviceAnimals/comments/13449d/scumbag_brain_seriously/,t3_13449d,1352794799,http://qkme.me/3rre85,,[deleted],1352794799,24285,718,,,ObjectID(51cd3f7f607d46e3990000da),0
1257,1257,qkme.me,,AdviceAnimals,,,,,1bys6m,False,Bad Joke Eel,,3915,,False,False,http://a.thumbs.redditmedia.com/OVIg5mFHO-XW24mx.jpg,t5_2s7tt,False,,,7929,False,False,/r/AdviceAnimals/comments/1bys6m/bad_joke_eel/,t3_1bys6m,1365480506,http://qkme.me/3tsjvx,,HandsomePurpleDino,1365476906,11844,94,,,ObjectID(51cd3f7f607d46e399000102),0
1550,1550,quickmeme.com,,AdviceAnimals,,,,,1a4l8j,False,Nature valley bars,,3757,,False,False,http://f.thumbs.redditmedia.com/2vG6BGSLmhgxG4ck.jpg,t5_2s7tt,False,,fa,8194,False,False,/r/AdviceAnimals/comments/1a4l8j/nature_valley_bars/,t3_1a4l8j,1363063018,http://www.quickmeme.com/meme/3tc1f8/,,Sup3rCanc3r,1363059418,11951,141,,,ObjectID(51cd3f8e607d46e399000227),0
1571,1571,quickmeme.com,,AdviceAnimals,,,,,y91j0,False,How I feel when I arrive at work in the morning. ,,3743,,False,False,http://c.thumbs.redditmedia.com/Hyws_3ab3vU56RMb.jpg,t5_2s7tt,False,,,16659,False,False,/r/AdviceAnimals/comments/y91j0/how_i_feel_when_i_arrive_at_work_in_the_morning/,t3_y91j0,1345017677,http://www.quickmeme.com/meme/3qhmwl/,,undead_funk,1345014077,20402,446,,,ObjectID(51cd3f8e607d46e39900023c),0
1609,1609,quickmeme.com,,AdviceAnimals,,,,,12b015,False,When an unseen ad starts playing music in one of my tabs.,,3733,,False,False,http://c.thumbs.redditmedia.com/z8PGWBo4eOIrBWz2.jpg,t5_2s7tt,False,,,14047,False,False,/r/AdviceAnimals/comments/12b015/when_an_unseen_ad_starts_playing_music_in_one_of/,t3_12b015,1351555999,http://www.quickmeme.com/meme/3rk5a6/,,Lapid,1351552399,17780,186,,,ObjectID(51cd3f93607d46e399000262),0
1636,1636,imgur.com,,AdviceAnimals,,,,Just A Quote,1by8na,False,What I think when a car going the speed limit holds up traffic in the fast lane...,,3726,,False,False,http://e.thumbs.redditmedia.com/BzaBNBLA8bWqFuOp.jpg,t5_2s7tt,False,error,,9338,False,False,/r/AdviceAnimals/comments/1by8na/what_i_think_when_a_car_going_the_speed_limit/,t3_1by8na,1365466119,http://imgur.com/cpdA6aR.jpg,,defensorfidei,1365462519,13064,671,,,ObjectID(51cd3f93607d46e39900027d),0
1699,1699,quickmeme.com,,AdviceAnimals,,,,,1ggbxt,False,Good Guy Brother on father's day.,,3701,,False,False,http://f.thumbs.redditmedia.com/OM4PUm9gcGHA1q4G.jpg,t5_2s7tt,False,,hip,4723,False,False,/r/AdviceAnimals/comments/1ggbxt/good_guy_brother_on_fathers_day/,t3_1ggbxt,1371394000,http://www.quickmeme.com/meme/3uvf50/,,From-State-Farm,1371390400,8424,103,,,ObjectID(51cd3f93607d46e3990002bc),0
1743,1743,qkme.me,,AdviceAnimals,,,,,13xptw,False,The wonders of test taking in College,,3679,,False,False,http://f.thumbs.redditmedia.com/r7yK0v-TMu9nglzw.jpg,t5_2s7tt,False,,,9587,False,False,/r/AdviceAnimals/comments/13xptw/the_wonders_of_test_taking_in_college/,t3_13xptw,1354116320,http://qkme.me/3rybf1,,webbeco,1354116320,13266,458,,,ObjectID(51cd3f98607d46e3990002e8),0
1777,1777,qkme.me,,AdviceAnimals,,,,,1fwehr,False,Just had to turn down an all expense paid business trip to Sydney...,,3662,,False,False,http://b.thumbs.redditmedia.com/zVOckMPyQYvSK667.jpg,t5_2s7tt,False,,,3616,False,False,/r/AdviceAnimals/comments/1fwehr/just_had_to_turn_down_an_all_expense_paid/,t3_1fwehr,1370655839,http://qkme.me/3urncq?id=233076986,,ihaveseagullshorts,1370652239,7278,350,,,ObjectID(51cd3f98607d46e39900030a),0
1858,1858,qkme.me,,AdviceAnimals,,,,,137m4t,False,"Good Guy Wikipedia (seriously, give them a few bucks)",,3634,,False,False,http://b.thumbs.redditmedia.com/bmcJNNjLPFTOpM3I.jpg,t5_2s7tt,False,,crab,29181,False,False,/r/AdviceAnimals/comments/137m4t/good_guy_wikipedia_seriously_give_them_a_few_bucks/,t3_137m4t,1352939068,http://qkme.me/3rsa5k,,slazar4,1352939068,32815,1036,,,ObjectID(51cd3f9d607d46e39900035b),0
1873,1873,imgur.com,,AdviceAnimals,,,,meta,1a2xp1,False,People in the meme.,,3628,,False,False,http://c.thumbs.redditmedia.com/suMuj5ry-wSx3lTn.jpg,t5_2s7tt,False,approved,,36551,False,False,/r/AdviceAnimals/comments/1a2xp1/people_in_the_meme/,t3_1a2xp1,1363013559,http://imgur.com/a/vcWr1,,adamwhenderson,1363009959,40179,2416,,,ObjectID(51cd3f9d607d46e39900036a),0
1902,1902,quickmeme.com,,AdviceAnimals,,,,,13xpyd,False,Newton's third law of reddit,,3619,,False,False,http://a.thumbs.redditmedia.com/IQ24yiATSMVD4ydH.jpg,t5_2s7tt,False,,,24246,False,False,/r/AdviceAnimals/comments/13xpyd/newtons_third_law_of_reddit/,t3_13xpyd,1354116440,http://www.quickmeme.com/meme/3rybfy/,,iwantspiderman,1354116440,27865,315,,,ObjectID(51cd3fa2607d46e399000387),0
1950,1950,qkme.me,,AdviceAnimals,,,,,101u27,False,Let's be realistic about this..,,3593,,False,False,http://c.thumbs.redditmedia.com/XN0z6FxDYXRiB_i2.jpg,t5_2s7tt,False,,,17099,False,False,/r/AdviceAnimals/comments/101u27/lets_be_realistic_about_this/,t3_101u27,1347929795,http://qkme.me/3qyh2o,,wawfuls,1347926195,20692,666,,,ObjectID(51cd3fa2607d46e3990003b7),0
2004,2004,i.imgur.com,,AdviceAnimals,,,,,p4knk,False,Troubled Rebellious Asian,,3575,,False,False,http://a.thumbs.redditmedia.com/ysu0O8F_7WDZp4CN.jpg,t5_2s7tt,False,,,21473,False,False,/r/AdviceAnimals/comments/p4knk/troubled_rebellious_asian/,t3_p4knk,1328021134,http://i.imgur.com/cDLTq.jpg,,cchsbball23,1328021134,25048,506,,,ObjectID(51cd3fa7607d46e3990003ed),0
2030,2030,qkme.me,,AdviceAnimals,,,,,127scs,False,Skeptical Third World Kid on Hurricane Sandy,,3571,,False,False,http://d.thumbs.redditmedia.com/CIJbQBrbmpJhXy09.jpg,t5_2s7tt,False,,,20953,False,False,/r/AdviceAnimals/comments/127scs/skeptical_third_world_kid_on_hurricane_sandy/,t3_127scs,1351429245,http://qkme.me/3rjcd2,,jjbutts,1351425645,24524,363,,,ObjectID(51cd3fa7607d46e399000407),0
2036,2036,i.imgur.com,,AdviceAnimals,,,,,1bxt4a,False,Zen Master Orangutan,,3573,,False,False,http://d.thumbs.redditmedia.com/JX1KG1fQIN_cccCK.jpg,t5_2s7tt,False,,,14250,False,False,/r/AdviceAnimals/comments/1bxt4a/zen_master_orangutan/,t3_1bxt4a,1365454983,http://i.imgur.com/b0npvRC.gif,,johnxreturn,1365451383,17823,398,,,ObjectID(51cd3fa7607d46e39900040d),0
2040,2040,quickmeme.com,,AdviceAnimals,,,,,1byn25,False,Actual Advice Mallard on sappy songs and chick flicks,,3566,,False,False,http://c.thumbs.redditmedia.com/mJCFT5iG00bhuAmb.jpg,t5_2s7tt,False,,,9046,False,False,/r/AdviceAnimals/comments/1byn25/actual_advice_mallard_on_sappy_songs_and_chick/,t3_1byn25,1365476626,http://www.quickmeme.com/meme/3tshxz/,,Passerines,1365473026,12612,349,,,ObjectID(51cd3fa7607d46e399000411),0
2042,2042,quickmeme.com,,AdviceAnimals,,,,,1fw7mj,False,Going to a bar in your 30's,,3563,,False,False,http://e.thumbs.redditmedia.com/ppJx-8NbWszXoSoF.jpg,t5_2s7tt,False,,cfox,3392,False,False,/r/AdviceAnimals/comments/1fw7mj/going_to_a_bar_in_your_30s/,t3_1fw7mj,1370649657,http://www.quickmeme.com/meme/3urijs/,,MrXhin,1370646057,6955,376,,,ObjectID(51cd3fa7607d46e399000413),0
2092,2092,qkme.me,,AdviceAnimals,,,,,1ggl0e,False,It happens more than you think,,3543,,False,False,http://b.thumbs.redditmedia.com/9c5ZearPyXtZA3yC.jpg,t5_2s7tt,False,,,6869,False,False,/r/AdviceAnimals/comments/1ggl0e/it_happens_more_than_you_think/,t3_1ggl0e,1371403528,http://qkme.me/3uvgl6?id=233254842,,coolestguy1234,1371399928,10412,332,,,ObjectID(51cd3fa7607d46e399000445),0
2135,2135,qkme.me,,AdviceAnimals,,,,,1ggh9l,False,My Grandfather actually said this when we talked about going hiking this morning,,3529,,False,False,http://d.thumbs.redditmedia.com/EC76T6sblpyEDdMi.jpg,t5_2s7tt,False,,,7150,False,False,/r/AdviceAnimals/comments/1ggh9l/my_grandfather_actually_said_this_when_we_talked/,t3_1ggh9l,1371399992,http://qkme.me/3uvfz1,,nok22,1371396392,10679,267,,,ObjectID(51cd3fac607d46e399000470),0
2151,2151,qkme.me,,AdviceAnimals,,,,,15jil4,False,pirate cat ,,3529,,False,False,http://f.thumbs.redditmedia.com/m80t2hmFuZfl-kjA.jpg,t5_2s7tt,False,,,5902,False,False,/r/AdviceAnimals/comments/15jil4/pirate_cat/,t3_15jil4,1356648815,http://qkme.me/3scuez?id=229027067,,ruraph,1356648815,9431,44,,,ObjectID(51cd3fac607d46e399000480),0
2153,2153,imgur.com,,AdviceAnimals,,,,,vd05h,False,The opening caption of the premier of the new season of Futurama,,3521,,False,False,http://f.thumbs.redditmedia.com/0n_fjuV4eyjIBeQe.jpg,t5_2s7tt,False,,,17469,False,False,/r/AdviceAnimals/comments/vd05h/the_opening_caption_of_the_premier_of_the_new/,t3_vd05h,1340248221,http://imgur.com/tkTjq,,fitzgizzle,1340244621,20990,606,,,ObjectID(51cd3fac607d46e399000482),0
2278,2278,imgur.com,,AdviceAnimals,,,,,1fwexx,False,I think we've definitely nailed it so far,,3489,,False,False,http://e.thumbs.redditmedia.com/cF7nqezVTdDMxVw4.jpg,t5_2s7tt,False,,praptor,3439,False,False,/r/AdviceAnimals/comments/1fwexx/i_think_weve_definitely_nailed_it_so_far/,t3_1fwexx,1370656310,http://www.imgur.com/ABTYX21.jpeg,,JesusRollerBlading,1370652710,6928,93,,,ObjectID(51cd3fb1607d46e3990004ff),0
2281,2281,qkme.me,,AdviceAnimals,,,,,10uplp,False,My plans for the night,,3498,,False,False,http://b.thumbs.redditmedia.com/Ja6qlN7BYj67Bbiy.jpg,t5_2s7tt,False,,,28726,False,False,/r/AdviceAnimals/comments/10uplp/my_plans_for_the_night/,t3_10uplp,1349234096,http://qkme.me/3r6bkr,,Lupinefiasco,1349230496,32224,1010,,,ObjectID(51cd3fb1607d46e399000502),0
2286,2286,quickmeme.com,,AdviceAnimals,,,,,1a3u43,False,If it is worrying you... [Fixed],,3495,,False,False,http://d.thumbs.redditmedia.com/Ydgtty4TzTT5pj_Q.jpg,t5_2s7tt,False,,,4716,False,False,/r/AdviceAnimals/comments/1a3u43/if_it_is_worrying_you_fixed/,t3_1a3u43,1363041658,http://quickmeme.com/meme/3tbv1g/,,Lambeau86,1363038058,8211,69,,,ObjectID(51cd3fb1607d46e399000507),0
2380,2380,imgur.com,,AdviceAnimals,,,,,13xdw8,False,Almost had to learn the hard way,,3467,,False,False,http://d.thumbs.redditmedia.com/xdit14bFmFggF63-.jpg,t5_2s7tt,False,,pparrot,5049,False,False,/r/AdviceAnimals/comments/13xdw8/almost_had_to_learn_the_hard_way/,t3_13xdw8,1354095526,http://imgur.com/apQXQ,,Smar_tass,1354095526,8516,114,,,ObjectID(51cd3fb6607d46e399000565),0
2465,2465,qkme.me,,AdviceAnimals,,,,,11dwch,False,Just got emailed this requirement from a potential employer,,3440,,False,False,http://f.thumbs.redditmedia.com/3DpXTVB-mG90j6Tq.jpg,t5_2s7tt,False,,nyan,27457,False,False,/r/AdviceAnimals/comments/11dwch/just_got_emailed_this_requirement_from_a/,t3_11dwch,1350080780,http://qkme.me/3rbdbm,,princetrunks,1350077180,30897,1097,,,ObjectID(51cd3fbb607d46e3990005ba),0
2512,2512,qkme.me,,AdviceAnimals,,,,,1ggs7y,False,"Don't know who else to tell. As an overweight guy who has gone through a lot of bullying, Certain things were my comfort.",,3436,,False,False,http://c.thumbs.redditmedia.com/zpYXLvkbRgpkKrMt.jpg,t5_2s7tt,False,,,16886,False,False,/r/AdviceAnimals/comments/1ggs7y/dont_know_who_else_to_tell_as_an_overweight_guy/,t3_1ggs7y,1371410626,http://qkme.me/3uvhua,,crazyllama256,1371407026,20322,568,,,ObjectID(51cd3fc0607d46e3990005e9),0
2537,2537,qkme.me,,AdviceAnimals,,,,,15jhem,False,Good Guy Canada,,3435,,False,False,http://d.thumbs.redditmedia.com/jpGqeoIEZX28hB-E.jpg,t5_2s7tt,False,,,2348,False,False,/r/AdviceAnimals/comments/15jhem/good_guy_canada/,t3_15jhem,1356647563,http://qkme.me/3scu1p?id=229026589,,Sargentrock,1356647563,5783,176,,,ObjectID(51cd3fc0607d46e399000602),0
2570,2570,qkme.me,,AdviceAnimals,,,,,1fwa1s,False,A disturbing trend on most websites (Fixed),,3418,,False,False,http://b.thumbs.redditmedia.com/buui402wZcHNH4oC.jpg,t5_2s7tt,False,,,3923,False,False,/r/AdviceAnimals/comments/1fwa1s/a_disturbing_trend_on_most_websites_fixed/,t3_1fwa1s,1370651741,http://qkme.me/3urmjp,,TwoLastNamesGuy,1370648141,7341,82,,,ObjectID(51cd3fc0607d46e399000623),0
2571,2571,qkme.me,,AdviceAnimals,,,,,1bxwww,False,Living in a small city is a pain in the ass,,3418,,False,False,http://c.thumbs.redditmedia.com/-HuE7_E1_k2lChmJ.jpg,t5_2s7tt,False,,,14049,False,False,/r/AdviceAnimals/comments/1bxwww/living_in_a_small_city_is_a_pain_in_the_ass/,t3_1bxwww,1365457676,http://qkme.me/3ts8um?id=231425230,,Nerdikki,1365454076,17467,776,,,ObjectID(51cd3fc0607d46e399000624),0
2744,2744,qkme.me,,AdviceAnimals,,,,,1a4isn,False,I laugh on the inside every time...,,3377,,False,False,http://f.thumbs.redditmedia.com/nxWspaxPgNglMHZA.jpg,t5_2s7tt,False,,wonka,13067,False,False,/r/AdviceAnimals/comments/1a4isn/i_laugh_on_the_inside_every_time/,t3_1a4isn,1363061059,http://qkme.me/3tc0rp,,EdgarMartinez11,1363057459,16444,1087,,,ObjectID(51cd3fca607d46e3990006d1),0
2893,2893,qkme.me,,AdviceAnimals,,,,,1a3u8o,False,This North Korea situation,,3355,,False,False,http://e.thumbs.redditmedia.com/VTOoCzevcbs3WQt4.jpg,t5_2s7tt,False,,,2001,False,False,/r/AdviceAnimals/comments/1a3u8o/this_north_korea_situation/,t3_1a3u8o,1363041747,http://qkme.me/3tbv3p,,atyndall,1363038147,5356,72,,,ObjectID(51cd3fcf607d46e399000766),0
2990,2990,qkme.me,,AdviceAnimals,,,,,vn7kz,False,Germany's Circumcision Ban,,3343,,False,False,http://d.thumbs.redditmedia.com/GeapXAxF8DxBqEcc.jpg,t5_2s7tt,False,,,26157,False,False,/r/AdviceAnimals/comments/vn7kz/germanys_circumcision_ban/,t3_vn7kz,1340742258,http://qkme.me/3pvgwr,,phillyfan1978,1340738658,29500,3000,,,ObjectID(51cd3fd4607d46e3990007c7),0
2996,2996,imgur.com,,AdviceAnimals,,,,,qjqfm,False,Probably the most truthful thing ever posted on my university's meme page,,3333,,False,False,http://e.thumbs.redditmedia.com/O5Vcx33NXzh8tFpd.jpg,t5_2s7tt,False,,,9948,False,False,/r/AdviceAnimals/comments/qjqfm/probably_the_most_truthful_thing_ever_posted_on/,t3_qjqfm,1331010113,http://imgur.com/at7mX,,christoffelees,1331010113,13281,385,,,ObjectID(51cd3fd4607d46e3990007cd),0
3049,3049,qkme.me,,AdviceAnimals,,,,mod approved,tdl1a,False,IAm Bad Luck Brian AMA,,3327,,False,False,http://a.thumbs.redditmedia.com/qOcyzSlop7ap8UiB.jpg,t5_2s7tt,False,approved,,22861,False,False,/r/AdviceAnimals/comments/tdl1a/iam_bad_luck_brian_ama/,t3_tdl1a,1336516274,http://qkme.me/3p6ww6?id=223711494,,coyotecarl,1336512674,26188,3774,,,ObjectID(51cd3fd9607d46e399000802),0
3052,3052,qkme.me,,AdviceAnimals,,,,,1fw7a1,False,The Third Wheel,,3331,,False,False,http://c.thumbs.redditmedia.com/ac4wzQPnRsYcK9XP.jpg,t5_2s7tt,False,,,3014,False,False,/r/AdviceAnimals/comments/1fw7a1/the_third_wheel/,t3_1fw7a1,1370649354,http://qkme.me/3ur68t,,Waynenameyo1,1370645754,6345,183,,,ObjectID(51cd3fd9607d46e399000805),0
3176,3176,qkme.me,,AdviceAnimals,,,,,1by7yv,False,The greatest discovery I have made in my college career.,,3310,,False,False,http://f.thumbs.redditmedia.com/_M8KWryM08jX6T7Y.jpg,t5_2s7tt,False,,iwolf,2685,False,False,/r/AdviceAnimals/comments/1by7yv/the_greatest_discovery_i_have_made_in_my_college/,t3_1by7yv,1365465624,http://qkme.me/3tscnm,,Pariah119,1365462024,5995,258,,,ObjectID(51cd3fde607d46e399000881),0
3203,3203,qkme.me,,AdviceAnimals,,,,,sb1xo,False,The Most Irritating Software in the World,,3303,,False,False,http://a.thumbs.redditmedia.com/I55xrhqiSelpsgJT.jpg,t5_2s7tt,False,,,18863,False,False,/r/AdviceAnimals/comments/sb1xo/the_most_irritating_software_in_the_world/,t3_sb1xo,1334517143,http://qkme.me/3ostoz,,ShadowsDieAway,1334513543,22166,891,,,ObjectID(51cd3fe3607d46e39900089c),0
3311,3311,qkme.me,,AdviceAnimals,,,,,1by8x2,False,Uncooked Squid,,3279,,False,False,http://d.thumbs.redditmedia.com/9wd5xRY8xyKCM2MQ.jpg,t5_2s7tt,False,,nyan,3776,False,False,/r/AdviceAnimals/comments/1by8x2/uncooked_squid/,t3_1by8x2,1365466332,http://qkme.me/3trtku,,Milkerman,1365462732,7055,39,,,ObjectID(51cd3fe8607d46e399000908),0
3354,3354,qkme.me,,AdviceAnimals,,,,,1fg5e4,False,I drive a car that I bought for $500 dollars 6 years ago. This success is dedicated to all of us who drive shitty cars.,,3281,,False,False,http://d.thumbs.redditmedia.com/f3E2mxj5QtdULIai.jpg,t5_2s7tt,False,,,27432,False,False,/r/AdviceAnimals/comments/1fg5e4/i_drive_a_car_that_i_bought_for_500_dollars_6/,t3_1fg5e4,1370063500,http://qkme.me/3uo7x3?id=232917015,,sethtaylor7,1370059900,30713,1049,,,ObjectID(51cd3fe8607d46e399000933),0
3355,3355,quickmeme.com,,AdviceAnimals,,,,,1c8uiq,False,Scumbag Susan G Komen,,3282,,False,False,http://a.thumbs.redditmedia.com/5uVRI1yDBhplKqGl.jpg,t5_2s7tt,False,,,33709,False,False,/r/AdviceAnimals/comments/1c8uiq/scumbag_susan_g_komen/,t3_1c8uiq,1365820297,http://www.quickmeme.com/meme/3tvsm5/,,drunkinmidget,1365816697,36991,1274,,,ObjectID(51cd3fe8607d46e399000934),0
3381,3381,qkme.me,,AdviceAnimals,,,,,131zmz,False,Good Guy Little Caesars: Winner of the Pizza Dispute,,3272,,False,False,http://d.thumbs.redditmedia.com/Wq6FlWUXgxKZGK93.jpg,t5_2s7tt,False,,stoner,14166,False,False,/r/AdviceAnimals/comments/131zmz/good_guy_little_caesars_winner_of_the_pizza/,t3_131zmz,1352708266,http://qkme.me/3rqtaw,,Radioactive24,1352708266,17438,1039,,,ObjectID(51cd3fe8607d46e39900094e),0
3393,3393,quickmeme.com,,AdviceAnimals,,,,,1gga43,False,Am I the only one who notices this?,,3268,,False,False,http://f.thumbs.redditmedia.com/jjjHNmFlarPPfmd_.jpg,t5_2s7tt,False,,,7724,False,False,/r/AdviceAnimals/comments/1gga43/am_i_the_only_one_who_notices_this/,t3_1gga43,1371391229,http://www.quickmeme.com/meme/3uvett/,,MrInv1sible3,1371387629,10992,189,,,ObjectID(51cd3fe8607d46e39900095a),0
3601,3601,quickmeme.com,,AdviceAnimals,,,,,1bxqfa,False,"Advice Mallard on Dating, works the other way around too",,3231,,False,False,http://d.thumbs.redditmedia.com/5XTdGrF-LZZXUiQ-.jpg,t5_2s7tt,False,,,7597,False,False,/r/AdviceAnimals/comments/1bxqfa/advice_mallard_on_dating_works_the_other_way/,t3_1bxqfa,1365453060,http://www.quickmeme.com/meme/3ts6ew/,,Delayed_Sniper,1365449460,10828,111,,,ObjectID(51cd3ff7607d46e399000a2a),0
3641,3641,qkme.me,,AdviceAnimals,,,,,1ggfrf,False,When my wife suddenly stops snoring,,3228,,False,False,http://d.thumbs.redditmedia.com/f_SmUX4cfdzbp4Dc.jpg,t5_2s7tt,False,,,4094,False,False,/r/AdviceAnimals/comments/1ggfrf/when_my_wife_suddenly_stops_snoring/,t3_1ggfrf,1371398482,http://qkme.me/3uvfqx,,PaintedCeiling,1371394882,7322,144,,,ObjectID(51cd3ff7607d46e399000a52),0
3656,3656,quickmeme.com,,AdviceAnimals,,,,,1bxrbo,False,My experience with Reddit lately,,3223,,False,False,http://b.thumbs.redditmedia.com/NzqkQRzTUIanW5ys.jpg,t5_2s7tt,False,,,15522,False,False,/r/AdviceAnimals/comments/1bxrbo/my_experience_with_reddit_lately/,t3_1bxrbo,1365453701,http://www.quickmeme.com/meme/3ts6pk/,,Blaze64,1365450101,18745,389,,,ObjectID(51cd3ff7607d46e399000a61),0
3662,3662,i.imgur.com,,AdviceAnimals,,,,,142w4d,False,"I somehow miss this guy, he was so useful",,3222,,False,False,http://d.thumbs.redditmedia.com/tF1howktguXor0J3.jpg,t5_2s7tt,False,,,13143,False,False,/r/AdviceAnimals/comments/142w4d/i_somehow_miss_this_guy_he_was_so_useful/,t3_142w4d,1354321772,http://i.imgur.com/FpWiE.jpg,,Falark,1354321772,16365,581,,,ObjectID(51cd3ff7607d46e399000a67),0
3783,3783,qkme.me,,AdviceAnimals,,,,,101hc4,False,Girl at this party pointed out that my zipper was open. Didn't realize my fail till the next day,,3206,,False,False,http://d.thumbs.redditmedia.com/NXT_7A64voDED1a-.jpg,t5_2s7tt,False,,,12461,False,False,/r/AdviceAnimals/comments/101hc4/girl_at_this_party_pointed_out_that_my_zipper_was/,t3_101hc4,1347917928,http://qkme.me/3qydpk,,unpopularcommentman,1347914328,15667,471,,,ObjectID(51cd3ffc607d46e399000ae0),0
3822,3822,quickmeme.com,,AdviceAnimals,,,,,13wr79,False,When I found out kids want Furbys for Christmas ,,3201,,False,False,http://b.thumbs.redditmedia.com/lQNl4uxjdh1AnF4g.jpg,t5_2s7tt,False,,,4374,False,False,/r/AdviceAnimals/comments/13wr79/when_i_found_out_kids_want_furbys_for_christmas/,t3_13wr79,1354068283,http://www.quickmeme.com/meme/3ry30u/,,LI_Sultan,1354068283,7575,95,,,ObjectID(51cd4001607d46e399000b07),0
3832,3832,qkme.me,,AdviceAnimals,,,,,1ggchd,False,"Just found this out about a friend, makes me glad to know him",,3191,,False,False,http://d.thumbs.redditmedia.com/ploOvYpBBN9nv7AK.jpg,t5_2s7tt,False,,,16997,False,False,/r/AdviceAnimals/comments/1ggchd/just_found_this_out_about_a_friend_makes_me_glad/,t3_1ggchd,1371394738,http://qkme.me/3uvf8p?id=233253097,,ElectricLeech,1371391138,20188,388,,,ObjectID(51cd4001607d46e399000b11),0
3882,3882,qkme.me,,AdviceAnimals,,,,,1a4qo3,False,Good Guy Mike,,3188,,False,False,http://d.thumbs.redditmedia.com/_TU5mdc5Gvgsnsd9.jpg,t5_2s7tt,False,,,16280,False,False,/r/AdviceAnimals/comments/1a4qo3/good_guy_mike/,t3_1a4qo3,1363067972,http://qkme.me/3tc2ti?id=230670918,,mileuphigh,1363064372,19468,568,,,ObjectID(51cd4001607d46e399000b43),0
3981,3981,qkme.me,,AdviceAnimals,,,,,1a3oec,False,Boyfriend pulled this one on me today...,,3166,,False,False,http://d.thumbs.redditmedia.com/BlzZSzJPMS8zT22K.jpg,t5_2s7tt,False,,,16862,False,False,/r/AdviceAnimals/comments/1a3oec/boyfriend_pulled_this_one_on_me_today/,t3_1a3oec,1363037560,http://qkme.me/3tbtta,,bellalittleone,1363033960,20028,255,,,ObjectID(51cd4006607d46e399000ba6),0
4009,4009,i.imgur.com,,AdviceAnimals,,,,,sm8b4,False,Medical Joke,,3162,,False,False,http://c.thumbs.redditmedia.com/t3oveyjTSQPCsmwt.jpg,t5_2s7tt,False,,pedo,19735,False,False,/r/AdviceAnimals/comments/sm8b4/medical_joke/,t3_sm8b4,1335071382,http://i.imgur.com/SYvtb.jpg,,4rsha95,1335067782,22897,684,,,ObjectID(51cd400b607d46e399000bc2),0
4033,4033,qkme.me,,AdviceAnimals,,,,,129uny,False,How I feel seeing fellow motorists commuting to work during the Hurricane.,,3161,,False,False,http://c.thumbs.redditmedia.com/h3st2OVI1agwJnLP.jpg,t5_2s7tt,False,,,31702,False,False,/r/AdviceAnimals/comments/129uny/how_i_feel_seeing_fellow_motorists_commuting_to/,t3_129uny,1351520654,http://qkme.me/3rjuhm?id=227674138,,Reddit_Break,1351517054,34863,1096,,,ObjectID(51cd400b607d46e399000bda),0
4076,4076,qkme.me,,AdviceAnimals,,,,,1byeof,False,Every single time...,,3156,,False,False,http://b.thumbs.redditmedia.com/hzhWXzRV7G-LOcMg.jpg,t5_2s7tt,False,,nyan,3424,False,False,/r/AdviceAnimals/comments/1byeof/every_single_time/,t3_1byeof,1365470576,http://qkme.me/3tsew8,,Ryokoshu,1365466976,6580,42,,,ObjectID(51cd400b607d46e399000c05),0
4145,4145,qkme.me,,AdviceAnimals,,,,,1fwk82,False,Reddit recently,,3145,,False,False,http://e.thumbs.redditmedia.com/FbszA7tJk2qUo5Gv.jpg,t5_2s7tt,False,,,7408,False,False,/r/AdviceAnimals/comments/1fwk82/reddit_recently/,t3_1fwk82,1370661303,http://qkme.me/3uroc3,,Chambeastly,1370657703,10553,222,,,ObjectID(51cd4010607d46e399000c4a),0
4196,4196,qkme.me,,AdviceAnimals,,,,,1byf61,False,What my husband said to me while we were both incredibly stoned and having sex:,,3138,,False,False,http://b.thumbs.redditmedia.com/mPd1O6UCvizIO6D1.jpg,t5_2s7tt,False,,,7702,False,False,/r/AdviceAnimals/comments/1byf61/what_my_husband_said_to_me_while_we_were_both/,t3_1byf61,1365470955,http://qkme.me/3tsevs?id=231433048,,CheesyRomanceNovel,1365467355,10840,198,,,ObjectID(51cd4010607d46e399000c7d),0
4197,4197,imgur.com,,AdviceAnimals,,,,,1byf1l,False,Good Guy Rock,,3142,,False,False,http://f.thumbs.redditmedia.com/xX5yNl5k2qeb2PQY.jpg,t5_2s7tt,False,,,3177,False,False,/r/AdviceAnimals/comments/1byf1l/good_guy_rock/,t3_1byf1l,1365470848,http://imgur.com/q7axQKS,,lazarusrex,1365467248,6319,93,,,ObjectID(51cd4010607d46e399000c7e),0
4209,4209,qkme.me,,AdviceAnimals,,,,,1ggsp9,False,"i never met my father, and was raised by my mother. shes the strongest person i know, so i celebrate fathers day differently.",,3134,,False,False,http://c.thumbs.redditmedia.com/ONzZ175GWl7LlUTn.jpg,t5_2s7tt,False,,,10359,False,False,/r/AdviceAnimals/comments/1ggsp9/i_never_met_my_father_and_was_raised_by_my_mother/,t3_1ggsp9,1371411015,http://qkme.me/3uvhxs,,kforrest59,1371407415,13493,170,,,ObjectID(51cd4015607d46e399000c8a),0
4289,4289,quickmeme.com,,AdviceAnimals,,,,,18dsq2,False,Today I had to fire our intern for being absolutely useless at every task. During the conversation she drops this on me with full sincerity,,3127,,False,False,http://d.thumbs.redditmedia.com/NcuEjAkbf-lntAZc.jpg,t5_2s7tt,False,,ggg,39774,False,False,/r/AdviceAnimals/comments/18dsq2/today_i_had_to_fire_our_intern_for_being/,t3_18dsq2,1360685843,http://www.quickmeme.com/meme/3symil/,,ding_dinger,1360685843,42901,3302,,,ObjectID(51cd4015607d46e399000cda),0
4338,4338,i.imgur.com,,AdviceAnimals,,,,,zuja2,False,Good Guy......Everybody,,3127,,False,False,http://c.thumbs.redditmedia.com/_48TSDGriwMq9z-n.jpg,t5_2s7tt,False,,,24931,False,False,/r/AdviceAnimals/comments/zuja2/good_guyeverybody/,t3_zuja2,1347581855,http://i.imgur.com/PiZi7.jpg,,glenntm3,1347578255,28058,618,,,ObjectID(51cd401a607d46e399000d0b),0
4765,4765,qkme.me,,AdviceAnimals,,,,,1ggcij,False,Every time I go out drinking...,,3065,,False,False,http://a.thumbs.redditmedia.com/SOMlOwpIoZSqrzd0.jpg,t5_2s7tt,False,,,1819,False,False,/r/AdviceAnimals/comments/1ggcij/every_time_i_go_out_drinking/,t3_1ggcij,1371394786,http://qkme.me/3uvf8x,,strokesy,1371391186,4884,25,,,ObjectID(51cd402e607d46e399000eb6),0
4769,4769,quickmeme.com,,AdviceAnimals,,,,,14rch8,False,Truly a Good Guy Santa,,3067,,False,False,http://c.thumbs.redditmedia.com/bIIEBM5NAlhVa8Rb.jpg,t5_2s7tt,False,,,20155,False,False,/r/AdviceAnimals/comments/14rch8/truly_a_good_guy_santa/,t3_14rch8,1355362047,http://www.quickmeme.com/meme/3s66nc/,,Mikealden,1355362047,23222,609,,,ObjectID(51cd402e607d46e399000eba),0
4856,4856,qkme.me,,AdviceAnimals,,,,,10knnk,False,They Say 1 out of 3 People Cheat in a Relationship,,3060,,False,False,http://a.thumbs.redditmedia.com/0NEnh1C4rtrLh5BZ.jpg,t5_2s7tt,False,,,38689,False,False,/r/AdviceAnimals/comments/10knnk/they_say_1_out_of_3_people_cheat_in_a_relationship/,t3_10knnk,1348772223,http://qkme.me/3r3od1,,bean0s0rz,1348768623,41749,652,,,ObjectID(51cd4033607d46e399000f11),0
4873,4873,livememe.com,,AdviceAnimals,,,,,15jkq3,False,I tried lip reading the animated Picard meme. I think I nailed it.,,3051,,False,False,http://b.thumbs.redditmedia.com/qMeaNx6eRdMsXEmC.jpg,t5_2s7tt,False,,sap,10141,False,False,/r/AdviceAnimals/comments/15jkq3/i_tried_lip_reading_the_animated_picard_meme_i/,t3_15jkq3,1356650927,http://www.livememe.com/n9c7mch/pid/8a6w2w/,,Girolmao,1356650927,13192,365,,,ObjectID(51cd4033607d46e399000f22),0
4910,4910,qkme.me,,AdviceAnimals,,,,,15sy2u,False,"Good Guy Teacher, I owe my diploma to him",,3056,,False,False,http://c.thumbs.redditmedia.com/IujzUDaIpUd6KlOb.jpg,t5_2s7tt,False,,,31936,False,False,/r/AdviceAnimals/comments/15sy2u/good_guy_teacher_i_owe_my_diploma_to_him/,t3_15sy2u,1357095263,http://qkme.me/3senu0,,benjaminkahlemusic,1357095263,34992,531,,,ObjectID(51cd4038607d46e399000f47),0
4939,4939,quickmeme.com,,AdviceAnimals,,,,This is a legitimate Advice Animal people!,1fcy3d,False,I die a little inside,,3048,,False,False,http://f.thumbs.redditmedia.com/LfdvTYXB3FOk1LLe.jpg,t5_2s7tt,False,approved,,33721,False,False,/r/AdviceAnimals/comments/1fcy3d/i_die_a_little_inside/,t3_1fcy3d,1369949492,http://www.quickmeme.com/meme/3ungzb/,,luelinho,1369945892,36769,1189,,,ObjectID(51cd4038607d46e399000f64),0
5014,5014,i.imgur.com,,AdviceAnimals,,,,,15y48h,False,Everyday of my life.,,3047,,False,False,http://b.thumbs.redditmedia.com/O_pJFufSo7QPlrsU.jpg,t5_2s7tt,False,,,23944,False,False,/r/AdviceAnimals/comments/15y48h/everyday_of_my_life/,t3_15y48h,1357301858,http://i.imgur.com/1uqrT.jpg,,Erkleton,1357301858,26991,478,,,ObjectID(51cd407bef7ac6f39900000f),0
5076,5076,i.imgur.com,,AdviceAnimals,,,,,i79lx,False,years from now,,3036,,False,False,http://thumbs.reddit.com/t3_i79lx.png,t5_2s7tt,False,,,2601,False,False,/r/AdviceAnimals/comments/i79lx/years_from_now/,t3_i79lx,1308849585,http://i.imgur.com/2udu2.png,,dogsteriii,1308845985,5637,216,,,ObjectID(51cd407bef7ac6f39900004d),0
5196,5196,i.imgur.com,,AdviceAnimals,,,,,1fweaf,False,The worst Steve I know,,3025,,False,False,http://b.thumbs.redditmedia.com/p5-G8tUcMjVvesMa.jpg,t5_2s7tt,False,,,2262,False,False,/r/AdviceAnimals/comments/1fweaf/the_worst_steve_i_know/,t3_1fweaf,1370655639,http://i.imgur.com/figGQIP.png,,TeeMuffin,1370652039,5287,128,,,ObjectID(51cd4082ef7ac6f3990000c5),0
5203,5203,qkme.me,,AdviceAnimals,,,,,1bxcw7,False,Me right now,,3015,,False,False,http://b.thumbs.redditmedia.com/XQREJTA8MvOCHEKC.jpg,t5_2s7tt,False,,,24667,False,False,/r/AdviceAnimals/comments/1bxcw7/me_right_now/,t3_1bxcw7,1365443074,http://qkme.me/3ts1nn,,golfcrazenes18,1365439474,27682,340,,,ObjectID(51cd4086ef7ac6f3990000cc),0
5277,5277,qkme.me,,AdviceAnimals,,,,,1gm25y,False,As an American lately.....,,3018,,False,False,http://b.thumbs.redditmedia.com/-MpNGemrtZpFdkeg.jpg,t5_2s7tt,False,,,43266,False,False,/r/AdviceAnimals/comments/1gm25y/as_an_american_lately/,t3_1gm25y,1371620115,http://qkme.me/3uwhkn,,candy_pants,1371591315,46284,1059,,,ObjectID(51cd4086ef7ac6f399000116),0
5311,5311,qkme.me,,AdviceAnimals,,,,,zzntu,False,Stuck behind an annoying driver,,3018,,False,False,http://b.thumbs.redditmedia.com/x4hKEo-7oOz96QWa.jpg,t5_2s7tt,False,,,10132,False,False,/r/AdviceAnimals/comments/zzntu/stuck_behind_an_annoying_driver/,t3_zzntu,1347836335,http://qkme.me/3qxvie,,FinalCaveat,1347832735,13150,343,,,ObjectID(51cd408bef7ac6f399000138),0
5345,5345,imgur.com,,AdviceAnimals,,,,,1a4kcy,False,They planned this all along,,3007,,False,False,http://b.thumbs.redditmedia.com/-jepEctaC8ED0b_I.jpg,t5_2s7tt,False,,businesscat,7684,False,False,/r/AdviceAnimals/comments/1a4kcy/they_planned_this_all_along/,t3_1a4kcy,1363062290,http://imgur.com/Z4qKU80,,Mr-Solo-Dolo,1363058690,10691,293,,,ObjectID(51cd408bef7ac6f39900015a),0
5425,5425,qkme.me,,AdviceAnimals,,,,,1bxr57,False,Paranoid Parrot Strikes Again,,3004,,False,False,http://a.thumbs.redditmedia.com/NVzgAMRSg4jIv9DZ.jpg,t5_2s7tt,False,,,7811,False,False,/r/AdviceAnimals/comments/1bxr57/paranoid_parrot_strikes_again/,t3_1bxr57,1365453564,http://qkme.me/3ts6na?id=231422374,,GGgregwinning,1365449964,10815,144,,,ObjectID(51cd4090ef7ac6f3990001aa),0
5469,5469,quickmeme.com,,AdviceAnimals,,,,,i2vfm,False,Tech Impaired Duck,,2993,,False,False,http://thumbs.reddit.com/t3_i2vfm.png,t5_2s7tt,False,,,2479,False,False,/r/AdviceAnimals/comments/i2vfm/tech_impaired_duck/,t3_i2vfm,1308399606,http://www.quickmeme.com/meme/3xmw/,,Pamparius,1308396006,5472,25,,,ObjectID(51cd4090ef7ac6f3990001d6),0
5514,5514,livememe.com,,AdviceAnimals,,,,,1gvnk4,False,Quickmeme is banned reddit-wide. More inside.,,2993,,False,False,http://b.thumbs.redditmedia.com/hfzL4cuB0YCJvwFI.jpg,t5_2s7tt,False,,randal,28208,False,False,/r/AdviceAnimals/comments/1gvnk4/quickmeme_is_banned_redditwide_more_inside/,t3_1gvnk4,1371969846,http://www.livememe.com/eggenup,,jokes_on_you,1371941046,31201,2347,,moderator,ObjectID(51cd4095ef7ac6f399000203),0
5526,5526,quickmeme.com,,AdviceAnimals,,,,,1ggaw5,False,Seen more than one couple try this one...,,2992,,False,False,http://e.thumbs.redditmedia.com/E09GjPHb6D4nMlFd.jpg,t5_2s7tt,False,,,9973,False,False,/r/AdviceAnimals/comments/1ggaw5/seen_more_than_one_couple_try_this_one/,t3_1ggaw5,1371392443,http://www.quickmeme.com/meme/3uvexy/,,TorsionFree,1371388843,12965,202,,,ObjectID(51cd4095ef7ac6f39900020f),0
5575,5575,qkme.me,,AdviceAnimals,,,,,15jmn9,False,As a camp counselor...,,2981,,False,False,http://c.thumbs.redditmedia.com/r400YnyVyItQdlLV.jpg,t5_2s7tt,False,,,5169,False,False,/r/AdviceAnimals/comments/15jmn9/as_a_camp_counselor/,t3_15jmn9,1356652804,http://qkme.me/3scvml,,BananaStandDinero,1356652804,8150,163,,,ObjectID(51cd4095ef7ac6f399000240),0
5623,5623,qkme.me,,AdviceAnimals,,,,,15jrdt,False,Happened to me earlier ,,2979,,False,False,http://f.thumbs.redditmedia.com/D2GiS41LHiDr_idG.jpg,t5_2s7tt,False,,,4465,False,False,/r/AdviceAnimals/comments/15jrdt/happened_to_me_earlier/,t3_15jrdt,1356657675,http://qkme.me/3scwz1,,jojo913,1356657675,7444,62,,,ObjectID(51cd409bef7ac6f399000270),0
5669,5669,qkme.me,,AdviceAnimals,,,,,zzn72,False,"I've seen a few ""got caught masturbating"" posts today",,2975,,False,False,http://a.thumbs.redditmedia.com/0exw7MOYZLjt9jgT.jpg,t5_2s7tt,False,,,5241,False,False,/r/AdviceAnimals/comments/zzn72/ive_seen_a_few_got_caught_masturbating_posts_today/,t3_zzn72,1347835725,http://qkme.me/3qxvdr?id=226648863,,Nerdikki,1347832125,8216,250,,,ObjectID(51cd409bef7ac6f39900029e),0
5740,5740,qkme.me,,AdviceAnimals,,,,,19d808,False,I quit my job today. I always knew my boss was a good guy... and this was his response.,,2976,,False,False,http://d.thumbs.redditmedia.com/sCHhhTDPoWhpxfB-.jpg,t5_2s7tt,False,,wonka,28442,False,False,/r/AdviceAnimals/comments/19d808/i_quit_my_job_today_i_always_knew_my_boss_was_a/,t3_19d808,1362015236,http://qkme.me/3t64fr,,gkden,1362015236,31418,551,,,ObjectID(51cd409fef7ac6f3990002e5),0
5853,5853,i.imgur.com,,AdviceAnimals,,,,,1d5k2u,False,Good Guy VLC Player,,2960,,False,False,http://c.thumbs.redditmedia.com/SiaRSsqiBYDs7nst.jpg,t5_2s7tt,False,,zoid,28102,False,False,/r/AdviceAnimals/comments/1d5k2u/good_guy_vlc_player/,t3_1d5k2u,1366989063,http://i.imgur.com/kUACvCP.jpg,,Leimone,1366985463,31062,1102,,,ObjectID(51cd40a4ef7ac6f399000356),0
5905,5905,imgur.com,,AdviceAnimals,,,,,17qp6g,False,When I don't go on Reddit for a few days...,,2954,,False,False,http://d.thumbs.redditmedia.com/0zIPPbzDWHrL54l3.jpg,t5_2s7tt,False,,picard,17848,False,False,/r/AdviceAnimals/comments/17qp6g/when_i_dont_go_on_reddit_for_a_few_days/,t3_17qp6g,1359783696,http://imgur.com/IdmXwzH.jpg,,mongobob666,1359783696,20802,171,,,ObjectID(51cd40aaef7ac6f39900038a),0
5925,5925,quickmeme.com,,AdviceAnimals,,,,,11bo4i,False,My little brother just told me this.,,2960,,False,False,http://a.thumbs.redditmedia.com/5Mj4L9E3UiZlIBwN.jpg,t5_2s7tt,False,,,22556,False,False,/r/AdviceAnimals/comments/11bo4i/my_little_brother_just_told_me_this/,t3_11bo4i,1349986235,http://www.quickmeme.com/meme/3rasco/,,MildlyCondescending,1349982635,25516,433,,,ObjectID(51cd40aaef7ac6f39900039e),0
6003,6003,qkme.me,,AdviceAnimals,,,,,17btwq,False,It happens far too often,,2955,,False,False,http://f.thumbs.redditmedia.com/wRDB6BYWz3rJ3X_A.jpg,t5_2s7tt,False,,,25843,False,False,/r/AdviceAnimals/comments/17btwq/it_happens_far_too_often/,t3_17btwq,1359228958,http://qkme.me/3sqhyc?id=229664100,,EthanJ555,1359228958,28798,245,,,ObjectID(51cd40aeef7ac6f3990003ec),0
6012,6012,quickmeme.com,,AdviceAnimals,,,,,w09jo,False,"And then I said,",,2943,,False,False,http://a.thumbs.redditmedia.com/dh71k1oNv1Uy5ggl.jpg,t5_2s7tt,False,,,26020,False,False,/r/AdviceAnimals/comments/w09jo/and_then_i_said/,t3_w09jo,1341365320,http://www.quickmeme.com/meme/3pymjg/,,GodlyGiBBson,1341361720,28963,473,,,ObjectID(51cd40aeef7ac6f3990003f5),0
6080,6080,quickmeme.com,,AdviceAnimals,,,,,1fwox6,False,Before it's too late,,2942,,False,False,http://d.thumbs.redditmedia.com/xzSUBxIWwsi3k2qu.jpg,t5_2s7tt,False,,,8967,False,False,/r/AdviceAnimals/comments/1fwox6/before_its_too_late/,t3_1fwox6,1370665848,http://www.quickmeme.com/meme/3urp7m/,,andrewjackson5,1370662248,11909,75,,,ObjectID(51cd40aeef7ac6f399000439),0
6231,6231,qkme.me,,AdviceAnimals,,,,,1ckzhe,False,"Thinking back, I can't believe how stupid this teacher was.",,2931,,False,False,http://c.thumbs.redditmedia.com/E-hP8Xc9SzE2DYQn.jpg,t5_2s7tt,False,,,21955,False,False,/r/AdviceAnimals/comments/1ckzhe/thinking_back_i_cant_believe_how_stupid_this/,t3_1ckzhe,1366258515,http://qkme.me/3tyumt?id=231733397,,barsofham,1366254915,24886,1120,,,ObjectID(51cd40b8ef7ac6f3990004d0),0
6353,6353,i.imgur.com,,AdviceAnimals,,,,,18l2br,False,Good Guy Meteorite,,2915,,False,False,http://f.thumbs.redditmedia.com/dma6iNP3EQz4WLmM.jpg,t5_2s7tt,False,,nyan,30068,False,False,/r/AdviceAnimals/comments/18l2br/good_guy_meteorite/,t3_18l2br,1360943786,http://i.imgur.com/2mFAV4g.jpg,,hestonkent,1360943786,32983,582,,,ObjectID(51cd40bdef7ac6f39900054a),0
6383,6383,qkme.me,,AdviceAnimals,,,,,1e0acg,False,My family's concerns for me always seemed misplaced.,,2917,,False,False,http://b.thumbs.redditmedia.com/oRDuOrQwTl91ICQO.jpg,t5_2s7tt,False,,,35601,False,False,/r/AdviceAnimals/comments/1e0acg/my_familys_concerns_for_me_always_seemed_misplaced/,t3_1e0acg,1368119161,http://qkme.me/3ubkih,,AndrewTiberius,1368115561,38518,1125,,,ObjectID(51cd40bdef7ac6f399000568),0
6435,6435,quickmeme.com,,AdviceAnimals,,,,,zvgxl,False,Scumbag Reddit and the removal of Overly Attached Girlfriends IAmA,,2912,,False,False,http://e.thumbs.redditmedia.com/q-f5tSE-eCIoMGXv.jpg,t5_2s7tt,False,,,24214,False,False,/r/AdviceAnimals/comments/zvgxl/scumbag_reddit_and_the_removal_of_overly_attached/,t3_zvgxl,1347630482,http://www.quickmeme.com/meme/3qwonl/,,POTATO_IN_MY_ANUS,1347626882,27126,1930,,,ObjectID(51cd40c2ef7ac6f39900059c),0
6621,6621,i.imgur.com,,AdviceAnimals,,,,,1dmzea,False,How did I not realize this before?,,2899,,False,False,http://c.thumbs.redditmedia.com/vDYjJfpz74DSykmD.jpg,t5_2s7tt,False,,,39010,False,False,/r/AdviceAnimals/comments/1dmzea/how_did_i_not_realize_this_before/,t3_1dmzea,1367614100,http://i.imgur.com/xy9PzTw.jpg,,DarwinGoneWild,1367610500,41909,652,,,ObjectID(51cd40ccef7ac6f399000656),0
6804,6804,qkme.me,,AdviceAnimals,,,,grab your pitchfork,1ckj7a,False,Scumbag /r/politics Mod,,2885,,False,False,http://c.thumbs.redditmedia.com/-r-SaiVYUkf4rFHb.jpg,t5_2s7tt,False,error,,28145,False,False,/r/AdviceAnimals/comments/1ckj7a/scumbag_rpolitics_mod/,t3_1ckj7a,1366246269,http://qkme.me/3tyqi1,,KaliYugaz,1366242669,31030,1864,,,ObjectID(51cd40d6ef7ac6f39900070d),0
6858,6858,imgur.com,,AdviceAnimals,,,,,13xf10,False,Good 10 Guy Greg G10GG,,2880,,False,False,http://f.thumbs.redditmedia.com/X2pXRZMa8gyzmiYM.jpg,t5_2s7tt,False,,,5736,False,False,/r/AdviceAnimals/comments/13xf10/good_10_guy_greg_g10gg/,t3_13xf10,1354098113,http://imgur.com/CRJYF,,Medikated,1354098113,8616,131,,,ObjectID(51cd40d6ef7ac6f399000743),0
6907,6907,quickmeme.com,,AdviceAnimals,,,,,1byt50,False,"Every episode of this show, ever",,2880,,False,False,http://b.thumbs.redditmedia.com/XuXpYKEFz_FTqJua.jpg,t5_2s7tt,False,,,5661,False,False,/r/AdviceAnimals/comments/1byt50/every_episode_of_this_show_ever/,t3_1byt50,1365481280,http://www.quickmeme.com/meme/3tsk9n/,,notorious514,1365477680,8541,189,,,ObjectID(51cd40e744a454f899000008),0
6924,6924,qkme.me,,AdviceAnimals,,,,,1coj5a,False,Every news station in Boston right now...,,2879,,False,False,http://b.thumbs.redditmedia.com/w7jTCWIv2ntrF-3C.jpg,t5_2s7tt,False,,,36782,False,False,/r/AdviceAnimals/comments/1coj5a/every_news_station_in_boston_right_now/,t3_1coj5a,1366390739,http://qkme.me/3tzsgx?id=231777249,,Blojay_Simpson,1366387139,39661,722,,,ObjectID(51cd40e744a454f899000019),0
7033,7033,qkme.me,,AdviceAnimals,,,,,1ggbtx,False,"When I was 8 years old, my dad walked out me, never to been seen or heard from again. On this holiday, I try to have a sense of humor about the whole thing.",,2865,,False,False,http://a.thumbs.redditmedia.com/glUYCqd4po7Pqd7N.jpg,t5_2s7tt,False,,,3566,False,False,/r/AdviceAnimals/comments/1ggbtx/when_i_was_8_years_old_my_dad_walked_out_me_never/,t3_1ggbtx,1371393840,http://qkme.me/3uvf46,,weRborg,1371390240,6431,134,,,ObjectID(51cd40eb44a454f899000086),0
7047,7047,quickmeme.com,,AdviceAnimals,,,,,1ea3h6,False,got an essay due? i'm sure someone's done this before...,,2866,,False,False,http://d.thumbs.redditmedia.com/V5_GBzSJmsV09aTE.jpg,t5_2s7tt,False,,,30477,False,False,/r/AdviceAnimals/comments/1ea3h6/got_an_essay_due_im_sure_someones_done_this_before/,t3_1ea3h6,1368493289,http://www.quickmeme.com/meme/3uduzc/,,Rostifer,1368489689,33343,693,,,ObjectID(51cd40eb44a454f899000094),0
7110,7110,qkme.me,,AdviceAnimals,,,,,10vldz,False,This happened to me today during a seminar on sexual assault and rape,,2860,,False,False,http://a.thumbs.redditmedia.com/iZHxVtVzB03XP8XT.jpg,t5_2s7tt,False,,,25626,False,False,/r/AdviceAnimals/comments/10vldz/this_happened_to_me_today_during_a_seminar_on/,t3_10vldz,1349280092,http://qkme.me/3r6jrz?id=227053727,,linkismyhero,1349276492,28486,1113,,,ObjectID(51cd40f044a454f8990000d3),0
7201,7201,qkme.me,,AdviceAnimals,,,,,1fr9yi,False,I feel like the world should know - Good Guy Costco,,2849,,False,False,http://d.thumbs.redditmedia.com/xZp4ktJ9uaCcBipW.jpg,t5_2s7tt,False,,,25156,False,False,/r/AdviceAnimals/comments/1fr9yi/i_feel_like_the_world_should_know_good_guy_costco/,t3_1fr9yi,1370480994,http://qkme.me/3uqk4m?id=233026150,,Lt_Universe,1370477394,28005,1036,,,ObjectID(51cd40f544a454f89900012e),0
7240,7240,qkme.me,,AdviceAnimals,,,,,1d18k6,False,Living with 5 roommates doesn't mean I can't dream.,,2848,,False,False,http://c.thumbs.redditmedia.com/IfI7d9yVvAPPxH0D.jpg,t5_2s7tt,False,,nyan,37910,False,False,/r/AdviceAnimals/comments/1d18k6/living_with_5_roommates_doesnt_mean_i_cant_dream/,t3_1d18k6,1366839481,http://qkme.me/3u2x1w?id=231923156,,Desomniac,1366835881,40758,991,,,ObjectID(51cd40f544a454f899000155),0
7502,7502,i.imgur.com,,AdviceAnimals,,,,,1fezfl,False,This actually works!,,2823,,False,False,http://f.thumbs.redditmedia.com/B-O1VQgZCy7sGfxe.jpg,t5_2s7tt,False,,ggg,16619,False,False,/r/AdviceAnimals/comments/1fezfl/this_actually_works/,t3_1fezfl,1370025773,http://i.imgur.com/IwjzsZw.jpg,,HallucinoJER,1370022173,19442,347,,,ObjectID(51cd410944a454f8990002bf),0
7530,7530,qkme.me,,AdviceAnimals,,,,,1fh6ia,False,Why I don't trust pool bars.,,2826,,False,False,http://f.thumbs.redditmedia.com/YS1TuKThS2p4XcBY.jpg,t5_2s7tt,False,,fry,24352,False,False,/r/AdviceAnimals/comments/1fh6ia/why_i_dont_trust_pool_bars/,t3_1fh6ia,1370117016,http://qkme.me/3uof1v,,Otumscray,1370113416,27178,1101,,,ObjectID(51cd410944a454f8990002db),0
7683,7683,quickmeme.com,,AdviceAnimals,,,,,1528vp,False,Chris Hansen Raptor takes on Instagram,,2824,,False,False,http://c.thumbs.redditmedia.com/1B-XJAf7o2nOpfGD.jpg,t5_2s7tt,False,,,23395,False,False,/r/AdviceAnimals/comments/1528vp/chris_hansen_raptor_takes_on_instagram/,t3_1528vp,1355854654,http://www.quickmeme.com/meme/3s8sbn/,,[deleted],1355854654,26219,503,,,ObjectID(51cd410e44a454f899000374),0
7689,7689,imgur.com,,AdviceAnimals,,,,,i4nm6,False,Thank God for Good Guy Greg,,2818,,False,False,http://thumbs.reddit.com/t3_i4nm6.png,t5_2s7tt,False,,,2614,False,False,/r/AdviceAnimals/comments/i4nm6/thank_god_for_good_guy_greg/,t3_i4nm6,1308607466,http://imgur.com/xWqLl,,nbomb220,1308603866,5432,201,,,ObjectID(51cd410e44a454f89900037a),0
7725,7725,qkme.me,,AdviceAnimals,,,,,17bbok,False,The best thing about watching a TV series online,,2816,,False,False,http://d.thumbs.redditmedia.com/1pseLBMVL77B96CK.jpg,t5_2s7tt,False,,,31176,False,False,/r/AdviceAnimals/comments/17bbok/the_best_thing_about_watching_a_tv_series_online/,t3_17bbok,1359207935,http://qkme.me/3sqewh?id=229660145,,John4890,1359207935,33992,629,,,ObjectID(51cd411344a454f89900039e),0
7879,7879,imgur.com,,AdviceAnimals,,,,,11ghuu,False,10 Goat ,,2804,,False,False,http://d.thumbs.redditmedia.com/fYiQF6aAlxR9SD43.jpg,t5_2s7tt,False,,,23623,False,False,/r/AdviceAnimals/comments/11ghuu/10_goat/,t3_11ghuu,1350220687,http://imgur.com/z1RYp.jpg,,HesselCommaRayK,1350217087,26427,224,,,ObjectID(51cd411844a454f899000438),0
8060,8060,qkme.me,,AdviceAnimals,,,,,1ggl24,False,"It took me years, but I finally just call the man 'dad' rather than by his first name.",,2802,,False,False,http://e.thumbs.redditmedia.com/iTVyGMQw9pcJqhJ4.jpg,t5_2s7tt,False,,,2533,False,False,/r/AdviceAnimals/comments/1ggl24/it_took_me_years_but_i_finally_just_call_the_man/,t3_1ggl24,1371403579,http://qkme.me/3uvgl8?id=233254844,,agentsirus,1371399979,5335,54,,,ObjectID(51cd412244a454f8990004ed),0
8096,8096,i.qkme.me,,AdviceAnimals,,,,,13zjcx,False,My mom did this last night.,,2795,,False,False,http://b.thumbs.redditmedia.com/t9FOhor4d0GQpuhs.jpg,t5_2s7tt,False,,,16302,False,False,/r/AdviceAnimals/comments/13zjcx/my_mom_did_this_last_night/,t3_13zjcx,1354181749,http://i.qkme.me/3rysir.jpg,,masoc,1354181749,19097,450,,,ObjectID(51cd412244a454f899000511),0
8143,8143,qkme.me,,AdviceAnimals,,,,,1a4dwc,False,I'm on her account now because she's passed out on Vicodin. Give her some karma!   ,,2788,,False,False,http://c.thumbs.redditmedia.com/H813Z3rLpbFYno1D.jpg,t5_2s7tt,False,,,11990,False,False,/r/AdviceAnimals/comments/1a4dwc/im_on_her_account_now_because_shes_passed_out_on/,t3_1a4dwc,1363056991,http://qkme.me/3tbziu,,ThomsonKat,1363053391,14778,278,,,ObjectID(51cd412744a454f899000540),0
8326,8326,qkme.me,,AdviceAnimals,,,,,15j6p7,False,Watching tutorials on Youtube,,2787,,False,False,http://c.thumbs.redditmedia.com/OXJ2WZoEKiPgn16J.jpg,t5_2s7tt,False,,,2831,False,False,/r/AdviceAnimals/comments/15j6p7/watching_tutorials_on_youtube/,t3_15j6p7,1356637396,http://qkme.me/3scrvt,,Toxyoi,1356637396,5618,85,,,ObjectID(51cd413144a454f8990005f7),0
8514,8514,qkme.me,,AdviceAnimals,,,,,u8nfl,False,Just found out about this GGG in my neighborhood,,2774,,False,False,http://b.thumbs.redditmedia.com/z1qClkUuu67Oa9lg.jpg,t5_2s7tt,False,,,17514,False,False,/r/AdviceAnimals/comments/u8nfl/just_found_out_about_this_ggg_in_my_neighborhood/,t3_u8nfl,1338213947,http://qkme.me/3pha3b,,thecorkster,1338210347,20288,340,,,ObjectID(51cd413c44a454f8990006b3),0
8517,8517,qkme.me,,AdviceAnimals,,,,,1eg5d1,False,My boss found out part of the frame rusted out on my Jeep and that I don't have money to fix or replace it...,,2773,,False,False,http://f.thumbs.redditmedia.com/hgCeUKesNNgwpQF5.jpg,t5_2s7tt,False,,,28872,False,False,/r/AdviceAnimals/comments/1eg5d1/my_boss_found_out_part_of_the_frame_rusted_out_on/,t3_1eg5d1,1368713451,http://qkme.me/3ufel7,,khvnp1l0t,1368709851,31645,801,,,ObjectID(51cd413c44a454f8990006b6),0
8536,8536,i.imgur.com,,AdviceAnimals,,,,,zzpks,False,Masturbating Spider-man everywhere,,2777,,False,False,http://c.thumbs.redditmedia.com/BgeMvn8Fk1Z43Fcn.jpg,t5_2s7tt,False,,adog,10605,False,False,/r/AdviceAnimals/comments/zzpks/masturbating_spiderman_everywhere/,t3_zzpks,1347838144,http://i.imgur.com/cbkcE.png,,ozzymustaine,1347834544,13382,240,,,ObjectID(51cd413c44a454f8990006c9),0
8593,8593,i.imgur.com,,AdviceAnimals,,,,,1a3k10,False,Friend had this revelation after a party last weekend,,2767,,False,False,http://e.thumbs.redditmedia.com/_koSAf1hNgQejv3L.jpg,t5_2s7tt,False,,,3439,False,False,/r/AdviceAnimals/comments/1a3k10/friend_had_this_revelation_after_a_party_last/,t3_1a3k10,1363034642,http://i.imgur.com/7ojdnNO.png,,Kstau24,1363031042,6206,24,,,ObjectID(51cd413c44a454f899000702),0
8672,8672,qkme.me,,AdviceAnimals,,,,,xud43,False,Hail to these PC problem life sivers,,2762,,False,False,http://e.thumbs.redditmedia.com/qU0ZUqxzveMq7VlR.jpg,t5_2s7tt,False,,,16203,False,False,/r/AdviceAnimals/comments/xud43/hail_to_these_pc_problem_life_sivers/,t3_xud43,1344376556,http://qkme.me/3qe1py?id=225723958,,Retro21,1344372956,18965,264,,,ObjectID(51cd414044a454f899000751),0
8725,8725,qkme.me,,AdviceAnimals,,,,,11lrf1,False,"What always happens at these ""town hall"" style debates",,2759,,False,False,http://a.thumbs.redditmedia.com/iEnhYvZIYAgwEaFr.jpg,t5_2s7tt,False,,ggg,13225,False,False,/r/AdviceAnimals/comments/11lrf1/what_always_happens_at_these_town_hall_style/,t3_11lrf1,1350440585,http://qkme.me/3rdgpy,,Hokie200proof,1350436985,15984,446,,,ObjectID(51cd414544a454f899000786),0
8854,8854,qkme.me,,AdviceAnimals,,,,,u1qep,False,Bad Luck Brian,,2752,,False,False,http://a.thumbs.redditmedia.com/T1XJRBOgRygzr0UT.jpg,t5_2s7tt,False,,,11315,False,False,/r/AdviceAnimals/comments/u1qep/bad_luck_brian/,t3_u1qep,1337815149,http://qkme.me/3pezr6,,SithAlpaca,1337811549,14067,138,,,ObjectID(51cd414a44a454f899000807),0
8883,8883,i.imgur.com,,AdviceAnimals,,,,,192hfq,False,The least used feature of Windows. Ever.,,2754,,False,False,http://e.thumbs.redditmedia.com/kZ5OiG3nhtPgOkHX.jpg,t5_2s7tt,False,,,12565,False,False,/r/AdviceAnimals/comments/192hfq/the_least_used_feature_of_windows_ever/,t3_192hfq,1361599826,http://i.imgur.com/Jzi7wIN.jpg,,navjot94,1361599826,15319,934,,,ObjectID(51cd414a44a454f899000824),0
8964,8964,i.imgur.com,,AdviceAnimals,,,,,100sx4,False,"With respect to iPhone5, This weekend...",,2744,,False,False,http://f.thumbs.redditmedia.com/8EHQ0ESTdLOBm5UY.jpg,t5_2s7tt,False,,picard,20591,False,False,/r/AdviceAnimals/comments/100sx4/with_respect_to_iphone5_this_weekend/,t3_100sx4,1347893777,http://i.imgur.com/s0JIU.jpg,,nmpraveen,1347890177,23335,863,,,ObjectID(51cd414f44a454f899000875),0
8990,8990,qkme.me,,AdviceAnimals,,,,,1ec4mj,False,As someone who doesn't smoke that works in the kitchen.,,2742,,False,False,http://a.thumbs.redditmedia.com/BDvfou_A2QZc1efH.jpg,t5_2s7tt,False,,,19866,False,False,/r/AdviceAnimals/comments/1ec4mj/as_someone_who_doesnt_smoke_that_works_in_the/,t3_1ec4mj,1368566457,http://qkme.me/3uediu,,MasterOfDerps,1368562857,22608,1156,,,ObjectID(51cd414f44a454f89900088f),0
8995,8995,quickmeme.com,,AdviceAnimals,,,,,19u9u5,False, Well North Korea is still looking to nuke us. I'm not sure if Rodman was totally honest with Kim Jong-un.,,2742,,False,False,http://b.thumbs.redditmedia.com/NIDV5P2k5pQylvOy.jpg,t5_2s7tt,False,,,20842,False,False,/r/AdviceAnimals/comments/19u9u5/well_north_korea_is_still_looking_to_nuke_us_im/,t3_19u9u5,1362656758,http://www.quickmeme.com/meme/3t9nvv/,,homerj123,1362656758,23584,493,,,ObjectID(51cd414f44a454f899000894),0
9036,9036,i.imgur.com,,AdviceAnimals,,,,,129cij,False,I can't be the only one thinking this about Sandy,,2747,,False,False,http://f.thumbs.redditmedia.com/pTIUTrPPiXYAD7GY.jpg,t5_2s7tt,False,,,5156,False,False,/r/AdviceAnimals/comments/129cij/i_cant_be_the_only_one_thinking_this_about_sandy/,t3_129cij,1351488728,http://i.imgur.com/uUXLG.png,,Blind-Man,1351485128,7903,53,,,ObjectID(51cd415444a454f8990008bd),0
9066,9066,qkme.me,,AdviceAnimals,,,,,1bxqrf,False,I was channelsurfing last night and Thor was on. After watching the entire movie this dawned on me.,,2740,,False,False,http://e.thumbs.redditmedia.com/8QrbctQ4Bmn_X7-R.jpg,t5_2s7tt,False,,,4496,False,False,/r/AdviceAnimals/comments/1bxqrf/i_was_channelsurfing_last_night_and_thor_was_on/,t3_1bxqrf,1365453306,http://qkme.me/3ts6ir,,ZombieMolester,1365449706,7236,201,,,ObjectID(51cd415444a454f8990008db),0
9344,9344,qkme.me,,AdviceAnimals,,,,,s44un,False,When I use the reddit search bar,,2726,,False,False,http://f.thumbs.redditmedia.com/-7OchiTk0seO5Bj_.jpg,t5_2s7tt,False,,,17388,False,False,/r/AdviceAnimals/comments/s44un/when_i_use_the_reddit_search_bar/,t3_s44un,1334143074,http://qkme.me/3oqrgf?id=222957951,,igbok,1334139474,20114,249,,,ObjectID(51cd416444a454f8990009f1),0
9450,9450,t.qkme.me,,AdviceAnimals,,,,,1enzyq,False,After my girlfriend returned early from her cancelled girls' night out and told me to get ready to go out....,,2716,,False,False,http://c.thumbs.redditmedia.com/suXgT3UWT33tcGRD.jpg,t5_2s7tt,False,,,33853,False,False,/r/AdviceAnimals/comments/1enzyq/after_my_girlfriend_returned_early_from_her/,t3_1enzyq,1369016523,http://t.qkme.me/3uh9qr.jpg,,jjveach,1369012923,36569,841,,,ObjectID(51cd416a44a454f899000a5b),0
9469,9469,qkme.me,,AdviceAnimals,,,,,1akii3,False,How I feel without a nice computer.,,2715,,False,False,http://d.thumbs.redditmedia.com/Jq2mYOQ5Zyuv8zLu.jpg,t5_2s7tt,False,,,21880,False,False,/r/AdviceAnimals/comments/1akii3/how_i_feel_without_a_nice_computer/,t3_1akii3,1363665119,http://qkme.me/3tfdgr?id=230824683,,FatzDux,1363661519,24595,335,,,ObjectID(51cd416a44a454f899000a6e),0
9513,9513,quickmeme.com,,AdviceAnimals,,,,,z0pkj,False,Good Guy Motorola,,2710,,False,False,http://b.thumbs.redditmedia.com/26kPCAYEImQKnq4s.jpg,t5_2s7tt,False,,,24098,False,False,/r/AdviceAnimals/comments/z0pkj/good_guy_motorola/,t3_z0pkj,1346251913,http://www.quickmeme.com/meme/3qojqx/,,yelmuaboy,1346248313,26808,785,,,ObjectID(51cd417044a454f899000a9a),0
9534,9534,i.imgur.com,,AdviceAnimals,,,,,12rwf5,False,"LOL, poor Alaska.",,2711,,False,False,http://d.thumbs.redditmedia.com/Ne9nm6jwud61fj-3.jpg,t5_2s7tt,False,,,9428,False,False,/r/AdviceAnimals/comments/12rwf5/lol_poor_alaska/,t3_12rwf5,1352262353,http://i.imgur.com/jH54L.png,,kindaladylike,1352262353,12139,405,,,ObjectID(51cd417044a454f899000aaf),0
9539,9539,quickmeme.com,,AdviceAnimals,,,,,z1345,False,I just heard a co-worker admit he does this. A true GGG of parenting.,,2710,,False,False,http://f.thumbs.redditmedia.com/OI5x4Opjd0nLKx7G.jpg,t5_2s7tt,False,,,27781,False,False,/r/AdviceAnimals/comments/z1345/i_just_heard_a_coworker_admit_he_does_this_a_true/,t3_z1345,1346265687,http://www.quickmeme.com/meme/3qolsc/,,ScottRockview,1346262087,30491,477,,,ObjectID(51cd417044a454f899000ab4),0
9569,9569,qkme.me,,AdviceAnimals,,,,,fhe7d,False,Stereotypical Black Father,,2712,,False,False,http://thumbs.reddit.com/t3_fhe7d.png,t5_2s7tt,False,,,1312,False,False,/r/AdviceAnimals/comments/fhe7d/stereotypical_black_father/,t3_fhe7d,1297153839,http://qkme.me/Brx?id=7189,,poopdoodington,1297153839,4024,176,,,ObjectID(51cd417044a454f899000ad2),0
9728,9728,qkme.me,,AdviceAnimals,,,,,np665,False,Scumbag Sun (Every Fucking Time),,2705,,False,False,http://b.thumbs.redditmedia.com/5SDrNmX88EPVooYO.jpg,t5_2s7tt,False,,,11993,False,False,/r/AdviceAnimals/comments/np665/scumbag_sun_every_fucking_time/,t3_np665,1324739717,http://qkme.me/35kjes?id=190754884,,ThePigNewton,1324739717,14698,296,,,ObjectID(51cd418144a454f899000bd5),0
9744,9744,qkme.me,,AdviceAnimals,,,,,1a4myy,False,The Most Interesting Post in the whole reddit,,2713,,False,False,http://a.thumbs.redditmedia.com/guQRzUKPWEYZfSHT.jpg,t5_2s7tt,False,,adog,7675,False,False,/r/AdviceAnimals/comments/1a4myy/the_most_interesting_post_in_the_whole_reddit/,t3_1a4myy,1363064504,http://qkme.me/3tc1vi?id=230669694,,Ryman13333,1363060904,10388,76,,,ObjectID(51cd418144a454f899000be5),0
9832,9832,quickmeme.com,,AdviceAnimals,,,,,12oy01,False,Saw this on the news today. ,,2705,,False,False,http://b.thumbs.redditmedia.com/QsrysYIp5nFrDGmI.jpg,t5_2s7tt,False,,,22001,False,False,/r/AdviceAnimals/comments/12oy01/saw_this_on_the_news_today/,t3_12oy01,1352154705,http://www.quickmeme.com/meme/3rnfv7/,,shaitan19,1352154705,24706,507,,,ObjectID(51cd418844a454f899000ca1),0
9867,9867,qkme.me,,AdviceAnimals,,,,,1fv05u,False,Story of my adult life,,2699,,False,False,http://f.thumbs.redditmedia.com/SF1tWLHQsJWLjs2S.jpg,t5_2s7tt,False,,,17961,False,False,/r/AdviceAnimals/comments/1fv05u/story_of_my_adult_life/,t3_1fv05u,1370616634,http://qkme.me/3urctb,,drexlspivy,1370613034,20660,424,,,ObjectID(51cd418844a454f899000cc4),0
9876,9876,qkme.me,,AdviceAnimals,,,,,1c5crq,False,Why we ultimately went back to Netflix.,,2699,,False,False,http://d.thumbs.redditmedia.com/jJT-xWsJxn5nnO5i.jpg,t5_2s7tt,False,,,30317,False,False,/r/AdviceAnimals/comments/1c5crq/why_we_ultimately_went_back_to_netflix/,t3_1c5crq,1365706468,http://qkme.me/3turkh,,Shuuk,1365702868,33016,2031,,,ObjectID(51cd418844a454f899000ccd),0
9892,9892,qkme.me,,AdviceAnimals,,,,,10qyru,False,For those of us with shitty internet connections.,,2703,,False,False,http://c.thumbs.redditmedia.com/9ohniUvfLbJf8mZ8.jpg,t5_2s7tt,False,,,16505,False,False,/r/AdviceAnimals/comments/10qyru/for_those_of_us_with_shitty_internet_connections/,t3_10qyru,1349072967,http://qkme.me/3r5bwf,,mulligrubs,1349069367,19208,647,,,ObjectID(51cd418844a454f899000cdd),0
9940,9940,quickmeme.com,,AdviceAnimals,,,,,1d4y5r,False,To everyone celebrating the defeat of CISPA,,2694,,False,False,http://d.thumbs.redditmedia.com/16_3z-muF1bqlWFu.jpg,t5_2s7tt,False,,,18043,False,False,/r/AdviceAnimals/comments/1d4y5r/to_everyone_celebrating_the_defeat_of_cispa/,t3_1d4y5r,1366957323,http://www.quickmeme.com/meme/3u3v8d/,,shumba,1366953723,20737,339,,,ObjectID(51cd418c44a454f899000d0d),0
9971,9971,qkme.me,,AdviceAnimals,,,,,12ta10,False,Every gif I ever watch.,,2700,,False,False,default,t5_2s7tt,False,,,13506,False,False,/r/AdviceAnimals/comments/12ta10/every_gif_i_ever_watch/,t3_12ta10,1352316892,http://qkme.me/3rop59,,d_fault,1352316892,16206,136,,,ObjectID(51cd418c44a454f899000d2c),0
